{"stats":{"minecraft:mined":{"minecraft:oak_log":2,"minecraft:oak_leaves":9},"minecraft:custom":{"minecraft:jump":96,"minecraft:time_since_rest":8432,"minecraft:damage_taken":100,"minecraft:leave_game":2,"minecraft:crouch_one_cm":488,"minecraft:play_time":8432,"minecraft:sprint_one_cm":10534,"minecraft:time_since_death":8432,"minecraft:walk_one_cm":3032,"minecraft:sneak_time":116,"minecraft:total_world_time":8432,"minecraft:fall_one_cm":5398,"minecraft:fly_one_cm":12104},"minecraft:picked_up":{"minecraft:oak_log":2}},"DataVersion":3465}