{"stats":{"minecraft:mined":{"minecraft:grass_block":3,"minecraft:oak_leaves":4},"minecraft:picked_up":{"minecraft:dirt":2},"minecraft:used":{"minecraft:dirt":2},"minecraft:custom":{"minecraft:jump":43,"minecraft:time_since_rest":2244,"minecraft:leave_game":1,"minecraft:crouch_one_cm":69,"minecraft:sprint_one_cm":9559,"minecraft:play_time":2244,"minecraft:damage_taken":100,"minecraft:time_since_death":2244,"minecraft:walk_one_cm":6786,"minecraft:sneak_time":8,"minecraft:total_world_time":2244,"minecraft:fall_one_cm":2383,"minecraft:fly_one_cm":7230}},"DataVersion":3465}