{"stats":{"minecraft:mined":{"minecraft:birch_log":2,"minecraft:birch_leaves":4,"minecraft:oak_leaves":2},"minecraft:picked_up":{"minecraft:birch_log":2,"minecraft:birch_sapling":1},"minecraft:custom":{"minecraft:jump":46,"minecraft:crouch_one_cm":440,"minecraft:leave_game":2,"minecraft:play_time":7494,"minecraft:sprint_one_cm":5632,"minecraft:time_since_death":7494,"minecraft:walk_one_cm":9300,"minecraft:sneak_time":155,"minecraft:total_world_time":7494,"minecraft:fall_one_cm":1672,"minecraft:fly_one_cm":7862,"minecraft:time_since_rest":7494},"minecraft:crafted":{"minecraft:birch_planks":8}},"DataVersion":3465}